{"cameraMode":{"drawMode":0,"name":"Shaded","section":"Shading Mode"},"sceneLighting":true,"audioPlay":false,"sceneViewState":{"showFog":true,"showMaterialUpdate":false,"showSkybox":false,"showFlares":true,"showImageEffects":true,"showParticleSystems":true},"in2DMode":false,"pivot":{"x":423.7339782714844,"y":317.4551086425781,"z":276.9197998046875},"rotation":{"x":-0.005689945537596941,"y":0.013521657325327397,"z":0.00009074234549188986,"w":0.9999056458473206},"size":1167.9906005859375,"orthographic":false}