{"cameraMode":{"drawMode":0,"name":"Shaded","section":"Shading Mode"},"sceneLighting":true,"audioPlay":false,"sceneViewState":{"showFog":true,"showMaterialUpdate":false,"showSkybox":true,"showFlares":true,"showImageEffects":true,"showParticleSystems":true},"in2DMode":false,"pivot":{"x":418.1024169921875,"y":286.0538635253906,"z":54.16963195800781},"rotation":{"x":0.036299582570791247,"y":-0.01196595560759306,"z":0.00045722490176558495,"w":0.9992830157279968},"size":485.2356872558594,"orthographic":false}