{"cameraMode":{"drawMode":0,"name":"Shaded","section":"Shading Mode"},"sceneLighting":false,"audioPlay":false,"sceneViewState":{"showFog":true,"showMaterialUpdate":false,"showSkybox":false,"showFlares":true,"showImageEffects":true,"showParticleSystems":true},"in2DMode":false,"pivot":{"x":0.21327459812164308,"y":1.1025283336639405,"z":0.2768023610115051},"rotation":{"x":0.21449686586856843,"y":0.16323226690292359,"z":-0.03636980056762695,"w":0.962314784526825},"size":4.126697063446045,"orthographic":false}