{"cameraMode":{"drawMode":0,"name":"Shaded","section":"Shading Mode"},"sceneLighting":true,"audioPlay":false,"sceneViewState":{"showFog":true,"showMaterialUpdate":false,"showSkybox":false,"showFlares":true,"showImageEffects":true,"showParticleSystems":true},"in2DMode":false,"pivot":{"x":516.7528686523438,"y":266.7205810546875,"z":209.88795471191407},"rotation":{"x":-0.02663644589483738,"y":0.06146195903420448,"z":0.0016551018925383688,"w":0.9977660179138184},"size":961.9537353515625,"orthographic":false}