{"cameraMode":{"drawMode":0,"name":"Shaded","section":"Shading Mode"},"sceneLighting":true,"audioPlay":false,"sceneViewState":{"showFog":true,"showMaterialUpdate":false,"showSkybox":false,"showFlares":true,"showImageEffects":true,"showParticleSystems":true},"in2DMode":false,"pivot":{"x":531.1160278320313,"y":206.600830078125,"z":324.71917724609377},"rotation":{"x":0.08712349832057953,"y":0.04185256361961365,"z":-0.0036431022454053165,"w":0.9953246712684631},"size":913.5507202148438,"orthographic":false}