{"cameraMode":{"drawMode":0,"name":"Shaded","section":"Shading Mode"},"sceneLighting":true,"audioPlay":false,"sceneViewState":{"showFog":true,"showMaterialUpdate":false,"showSkybox":false,"showFlares":true,"showImageEffects":true,"showParticleSystems":true},"in2DMode":false,"pivot":{"x":654.0,"y":317.9664306640625,"z":1.0226445198059083},"rotation":{"x":0.2879006564617157,"y":0.17684289813041688,"z":-0.054170358926057819,"w":0.9396445155143738},"size":2419.050537109375,"orthographic":false}