{"cameraMode":{"drawMode":0,"name":"Shaded","section":"Shading Mode"},"sceneLighting":true,"audioPlay":false,"sceneViewState":{"showFog":true,"showMaterialUpdate":false,"showSkybox":true,"showFlares":true,"showImageEffects":true,"showParticleSystems":true},"in2DMode":false,"pivot":{"x":744.8489990234375,"y":223.43594360351563,"z":1007.07861328125},"rotation":{"x":0.05554215982556343,"y":0.09274821728467941,"z":-0.005163765046745539,"w":0.9941402077674866},"size":1827.8939208984375,"orthographic":false}