{"cameraMode":{"drawMode":0,"name":"Shaded","section":"Shading Mode"},"sceneLighting":false,"audioPlay":false,"sceneViewState":{"showFog":true,"showMaterialUpdate":false,"showSkybox":false,"showFlares":true,"showImageEffects":true,"showParticleSystems":true},"in2DMode":false,"pivot":{"x":0.13583046197891236,"y":1.191796898841858,"z":-0.04553872346878052},"rotation":{"x":0.30374518036842348,"y":0.2288157194852829,"z":-0.07539834082126618,"w":0.9217969179153442},"size":5.685675144195557,"orthographic":false}