{"cameraMode":{"drawMode":0,"name":"Shaded","section":"Shading Mode"},"sceneLighting":true,"audioPlay":false,"sceneViewState":{"showFog":true,"showMaterialUpdate":false,"showSkybox":true,"showFlares":true,"showImageEffects":true,"showParticleSystems":true},"in2DMode":false,"pivot":{"x":240.02122497558595,"y":304.2829895019531,"z":766.1337280273438},"rotation":{"x":0.1776071935892105,"y":0.8095040321350098,"z":-0.46759074926376345,"w":0.3074573576450348},"size":348.0529479980469,"orthographic":false}