{"cameraMode":{"drawMode":0,"name":"Shaded","section":"Shading Mode"},"sceneLighting":true,"audioPlay":false,"sceneViewState":{"showFog":true,"showMaterialUpdate":false,"showSkybox":false,"showFlares":true,"showImageEffects":true,"showParticleSystems":true},"in2DMode":false,"pivot":{"x":-9.590204238891602,"y":316.6385803222656,"z":992.887451171875},"rotation":{"x":0.0011896326905116439,"y":0.035089828073978427,"z":0.00004165757491136901,"w":-0.9993839263916016},"size":1519.70556640625,"orthographic":false}